{"loss": [0.3953218046971558, 0.25296271503770973, 0.22423653960309334, 0.21251769083757951, 0.1971180655464852, 0.1908266538430876, 0.18502426685448736, 0.17906760383990553, 0.17471286747686873, 0.17350779387387638, 0.1681924427760841, 0.16334244475159923, 0.16459552526395024, 0.15741032309334202, 0.158137615134412, 0.1580240806451162, 0.15617277888967207, 0.15543956628508582, 0.15274391792571604, 0.14774378560890894, 0.14867651897396494, 0.14881525487982059, 0.1422487933894367, 0.14348590258461955, 0.14288231835282586, 0.14176472746291086, 0.13800405563575277, 0.1422024273198335, 0.13533497297753294, 0.13767845629820102, 0.1351364283214982, 0.13362165331202733, 0.13522337599757167, 0.1381027235148528, 0.1304418365275497, 0.13030335239513824, 0.127755497656969, 0.1304055365050922, 0.1324070896960823, 0.12895269326863879, 0.12993227868301796, 0.12475235216420673, 0.126527719174529, 0.12519674900658043, 0.12471534113615744, 0.12267215380149415, 0.12092312771010608, 0.12287891701271876, 0.1223408433387416, 0.12078855222897732, 0.11975878302154795, 0.12168975824894489, 0.12094349123517796, 0.11823803303428373, 0.1159184589816903, 0.11650294792285494, 0.11914207713987648, 0.116165244352202, 0.11692580968766177, 0.11876355068865674, 0.11534021447664627, 0.11396071002022537, 0.11482428693344418, 0.11356434223882206, 0.11601316413850293, 0.11325378627025352, 0.11232258517665766, 0.11089515780087295, 0.11291575752031771, 0.11050346717423898, 0.11153526038067854, 0.11347015563894886, 0.11181538946981039, 0.11142252106930006, 0.10990963746656483, 0.10890610076622878, 0.10905933527786416, 0.10749894077053876, 0.11002275970655494, 0.10824056367821304, 0.1058339204432485, 0.11223392821426594, 0.10820840659902, 0.10463888574106515, 0.10765804962672297, 0.10525261269298833, 0.1060903257876814, 0.10183681691502038, 0.10573312890382572, 0.103731898263804, 0.10258547122242709, 0.10336657009550958, 0.1033866036012332, 0.10602562846136526, 0.10466264771448794, 0.10365794156556492, 0.10309202288333014, 0.09982058096467362, 0.09990844732940336, 0.10298789060734213], "acc": [0.8317875266075134, 0.9090179204940796, 0.9207218885421753, 0.9251987338066101, 0.9287922382354736, 0.9317232966423035, 0.9340721368789673, 0.9360395073890686, 0.9370232224464417, 0.9374247193336487, 0.9393118023872375, 0.9411386847496033, 0.9397132992744446, 0.9418011903762817, 0.9429053068161011, 0.9431663155555725, 0.9441299438476562, 0.9427246451377869, 0.9437484741210938, 0.946358323097229, 0.9472416043281555, 0.9452541470527649, 0.9484461545944214, 0.9489681124687195, 0.9478639960289001, 0.9489079117774963, 0.9506946206092834, 0.9473620653152466, 0.9508351683616638, 0.9502931237220764, 0.9507949948310852, 0.9516783356666565, 0.9508551955223083, 0.9500120282173157, 0.9531237483024597, 0.9524411559104919, 0.9528627395629883, 0.9518991112709045, 0.9513571262359619, 0.9531839489936829, 0.9527623653411865, 0.9542479515075684, 0.9529029130935669, 0.9542680382728577, 0.953545331954956, 0.9562354683876038, 0.9557536244392395, 0.955151379108429, 0.9557937979698181, 0.9559945464134216, 0.9564362168312073, 0.9555729627609253, 0.9578214287757874, 0.9566770792007446, 0.9572793841362, 0.9576206803321838, 0.9569180011749268, 0.9571589231491089, 0.957098662853241, 0.9575805068016052, 0.9580422639846802, 0.9589255452156067, 0.9584035873413086, 0.9587448835372925, 0.9591262936592102, 0.9588854312896729, 0.9596683382987976, 0.9590861797332764, 0.9590660929679871, 0.9591664671897888, 0.9596081376075745, 0.9589054584503174, 0.9598490595817566, 0.9602304697036743, 0.959527850151062, 0.9609130620956421, 0.9614149332046509, 0.9609732627868652, 0.9603710174560547, 0.9611740112304688, 0.9616959691047668, 0.9600297212600708, 0.9608528017997742, 0.9619168043136597, 0.9615153074264526, 0.9624186754226685, 0.9619569778442383, 0.9635027647018433, 0.9624588489532471, 0.9628603458404541, 0.9635429382324219, 0.9620774388313293, 0.9626395106315613, 0.9614350199699402, 0.9617160558700562, 0.9626997709274292, 0.9622581005096436, 0.9633823037147522, 0.9644262194633484, 0.9624387621879578], "val_loss": [0.1815033341097338, 0.16547404102573085, 0.14368629911491207, 0.13857392302692004, 0.13476556472292447, 0.13255732898485686, 0.12941444239061506, 0.12340861462476607, 0.12834784727868442, 0.12250593879789722, 0.12492657279299899, 0.12514506577631818, 0.11813261617236503, 0.12389797005776668, 0.1162383509032585, 0.12861512121700333, 0.1207042947143522, 0.1137239779527409, 0.11649223192401562, 0.1114107037654979, 0.11355846420574173, 0.11136358518345467, 0.11007022579121746, 0.11470531958082199, 0.1064062898771298, 0.10935676265319488, 0.11363893887798343, 0.109748211224006, 0.1054629395067242, 0.10621775353756038, 0.10625249064976587, 0.10587347595232609, 0.10661619215466649, 0.10810076680332925, 0.10884425539887696, 0.10638847323267651, 0.1110256173318455, 0.10380210821497818, 0.10568281544409232, 0.10686096742746821, 0.10623057910005028, 0.1040361006610348, 0.10934644425175671, 0.10463743192513605, 0.10570425844956348, 0.10305132603825277, 0.10423930161992294, 0.10728094230673851, 0.10846410958317437, 0.1050714946827403, 0.10329129234714915, 0.10309357894906095, 0.10481944749849996, 0.10116931579059452, 0.1045046084745462, 0.10552597718568489, 0.10757344576373268, 0.10307370079344763, 0.10143567095369325, 0.10057407884567052, 0.10430164641163907, 0.11554937825379832, 0.10175930846243815, 0.10510449506903567, 0.10511224839093933, 0.10480448755644883, 0.10297644585227438, 0.1044845250295333, 0.1028381753943218, 0.10473307173909126, 0.1053914765312715, 0.10491856602526829, 0.10330384962173379, 0.10170491940647146, 0.09873803596574497, 0.10244040223060172, 0.10368056297278316, 0.10418271609649758, 0.10440792898094556, 0.10634800169831708, 0.10313613180107609, 0.10507237108854148, 0.10579329889291014, 0.10244248638514944, 0.10673974855588032, 0.10504248954136758, 0.10234686460208985, 0.10917939607640877, 0.10526749114855175, 0.10799413001975719, 0.10568528047472511, 0.10909572002716196, 0.1044071048566354, 0.1037465909028419, 0.10282939394045473, 0.10706055356554241, 0.10521141651456077, 0.10638972532027449, 0.106785631416297, 0.10328677390114739],