{"loss": [0.3864907864198134, 0.25345252988729794, 0.21397104977112047, 0.19413547650387222, 0.18632408969006156, 0.17491571452721516, 0.1704623970941932, 0.16392342892702833, 0.1612911800785026, 0.15621046104450478, 0.1531040920992028, 0.14716244191535216, 0.1480720590841565, 0.14360169054829, 0.14025526677976385, 0.13851668324846145, 0.13915265197540128, 0.1344031070594005, 0.13250820465544436, 0.1310121594138421, 0.13083548663446365, 0.12850755047743806, 0.1245440205723319, 0.1287717648914882, 0.12502785725283164, 0.1214594515200927, 0.12245687638553805, 0.12090288657457271, 0.12004392278562805, 0.11769341435113577, 0.11715019867956457, 0.11683755848847382, 0.11581067808100759, 0.1104484160431673, 0.11008450534598564, 0.1091842565160875, 0.11364994470592449, 0.10870027230352375, 0.11195459891688135, 0.11302227812999409, 0.10791909387438976, 0.108814286756902, 0.10663234942952188, 0.10491150860668075, 0.10012481638287943, 0.1010244264368349, 0.10668679369045488, 0.10374139243285828, 0.09846180162591654, 0.10437813147585442, 0.10017377332139764, 0.09663279326264619, 0.09570435662551008, 0.09457654381414315, 0.09968160091320916, 0.09897177067812694, 0.0956092999291275, 0.0976538983491658, 0.09760445197091155, 0.096817160427208, 0.0934362799653891, 0.09469438853023504, 0.09973944760594808, 0.09186932157721321, 0.09234843120024197, 0.09147330663018796, 0.09095894513612097, 0.09046931561788406, 0.08785421171781381, 0.0884331547690078, 0.09046356346771468, 0.09136026321694239, 0.09145875170207918, 0.08730874789582439, 0.08673678164152389, 0.08853748627950597, 0.08858541015765829, 0.08821646986942523, 0.08824264705785019, 0.0852762862262453, 0.08619778070753589, 0.08817317761035434, 0.08730694767476457, 0.07967333886640292, 0.08139988754356041, 0.08585538593212401, 0.0872733533956118, 0.08120192186538934, 0.08330227209683488, 0.08645863949558051, 0.08206085551231948, 0.07747199812483159, 0.08294145457197467, 0.07968282420659983, 0.07836186862432727, 0.08568742231908419, 0.07725730232834031, 0.08512929414060219, 0.0778258349538876, 0.07776211600716716], "acc": [0.8463462591171265, 0.9153685569763184, 0.928634762763977, 0.9348087906837463, 0.9378799200057983, 0.9416793584823608, 0.9430091381072998, 0.9427558183670044, 0.9444655776023865, 0.9476000666618347, 0.945637047290802, 0.9479799866676331, 0.9484232664108276, 0.9487715363502502, 0.9502279758453369, 0.9516210556030273, 0.951842725276947, 0.9517793655395508, 0.9523176550865173, 0.9532991647720337, 0.9544389843940735, 0.9535207748413086, 0.9551988244056702, 0.9552304744720459, 0.9558953642845154, 0.9577317833900452, 0.9562753438949585, 0.9564653038978577, 0.9564969539642334, 0.9578583836555481, 0.9575417637825012, 0.9580800533294678, 0.9580166935920715, 0.9591882228851318, 0.959283173084259, 0.9602646827697754, 0.9591882228851318, 0.9615944623947144, 0.9595364928245544, 0.9606763124465942, 0.9606763124465942, 0.9610562324523926, 0.9609929323196411, 0.9624176621437073, 0.9641590714454651, 0.9632408618927002, 0.9617211222648621, 0.9622593522071838, 0.9652355909347534, 0.9630192518234253, 0.9642857313156128, 0.9658687710762024, 0.9646656513214111, 0.9664703607559204, 0.964887261390686, 0.96438068151474, 0.9651722311973572, 0.9646023511886597, 0.9661537408828735, 0.9652672410011292, 0.9653305411338806, 0.9666286706924438, 0.9640957713127136, 0.9671352505683899, 0.9664703607559204, 0.9689716100692749, 0.9675785303115845, 0.9677051901817322, 0.9686233401298523, 0.9693198800086975, 0.9686233401298523, 0.9669769406318665, 0.9679901003837585, 0.9699214696884155, 0.9692249298095703, 0.9687816500663757, 0.9686233401298523, 0.9671352505683899, 0.9699531197547913, 0.9704596996307373, 0.9692249298095703, 0.9688766598701477, 0.9687816500663757, 0.9709029793739319, 0.9716945290565491, 0.9713462591171265, 0.9694465398788452, 0.9721378087997437, 0.9703647494316101, 0.9696998596191406, 0.9719794988632202, 0.972612738609314, 0.9704596996307373, 0.9722011089324951, 0.9728659987449646, 0.9704596996307373, 0.97311931848526, 0.970079779624939, 0.9724544286727905, 0.9725493788719177], "val_loss": [0.20740914328180426, 0.16260459341237127, 0.13890835716792033, 0.13679236258175356, 0.13350368549305616, 0.12553631170844357, 0.1376566738192192, 0.12224757764960253, 0.12024477136292115, 0.11975511037409607, 0.12303084735933166, 0.11846980026790074, 0.11680739239356439, 0.11564940545923079, 0.11388744838090412, 0.11333366813328732, 0.1172615646364841, 0.11279455000929074, 0.1156521371462908, 0.11157627347875632, 0.11221890680665544, 0.11129225591969466, 0.11125515248879353, 0.10865370293639472, 0.10920351548186431, 0.10796878878272534, 0.11029218469785099, 0.11139626159373267, 0.11153471885813285, 0.10840637568976982, 0.11148090686992551, 0.10636247967755783, 0.10576467799530445, 0.1144160445186988, 0.10632911064070409, 0.10910159726122351, 0.10930809743981713, 0.1075388236007188, 0.10967703039447467, 0.10869514394132562, 0.10606404171979174, 0.10941856733420458, 0.10896828299597766, 0.10734878658584066, 0.10828967886130499, 0.11345613328881539, 0.11128623988913428, 0.1059397200411214, 0.11063735679229825, 0.11129274922059783, 0.1099502792413957, 0.11348956473088676, 0.11235129822653236, 0.111326876065289, 0.11217197512390645, 0.10897198702909784, 0.106824417524002, 0.10861598704059315, 0.11085446286104854, 0.11061146002349641, 0.10756078494567398, 0.10590306409797891, 0.11182555142250346, 0.11110870094767941, 0.11348795394102733, 0.1105483127220061, 0.10813715850902304, 0.10757825755360399, 0.11300426775923617, 0.111560543883958, 0.10906435153706578, 0.11208016667684885, 0.10710508188396964, 0.11140352754788559, 0.11198200433389514, 0.10958449243970797, 0.11034576114731356, 0.1092966665884644, 0.10877214929253134, 0.11404366592717147, 0.10757686640112354, 0.11468155775690997, 0.1120058223680643, 0.1125637806967097, 0.11078176358308957, 0.1127395741679265, 0.10987860497309927, 0.1107840847371197, 0.10833233226139737, 0.1153413782683187, 0.11239142700833511, 0.11287307097994569, 0.11448513444705574, 0.11194837286600347, 0.11411689711015638, 0.10779506030748197, 0.11619915158734133, 0.11682410868830231, 0.11724356717402691, 0.11674595572877196],